빈센조 재밌네요,https://m.cafe.naver.com/ghdi58/3872984
빈센조 하이라이트 12회 : 전쟁,https://m.blog.naver.com/js2y86/222297318199
"송중기의 거절할 수 없는 제안, <빈센조>",https://m.blog.naver.com/cine_play/222263989129
"빈센조 송중기 , 전여빈 포옹씬 메이킹",https://m.cafe.naver.com/malltail/6019098
빈센조 1회 2회 완벽정보 곽동연뒤에 옥택연 메인줄거리는 금괴탈환!?,https://m.blog.naver.com/chesungmin/222253384902
"빈센조 14회 줄거리 결말 ""이제 로맨스까지 챙기는 송중기와 전여빈, 하지만 일생일대 위기가 찾아온다""",https://m.blog.naver.com/film1982/222300686022
빈센조 7회 줄거리 - 자유 평등 박애..ㅋㅋ,https://m.blog.naver.com/dunhilljk/222274538154
<인간수업>에 나왔다고? <빈센조> 조연 배우들의 과거,https://m.post.naver.com/viewer/postView.nhn?volumeNo=30950970&memberNo=31724756&vType=VERTICAL
"★송중기 작품모음, 드라마 /빈센조 대박 기원",https://m.blog.naver.com/rana0626/222235658222
[커스텀] 드라마 빈센조,https://m.cafe.naver.com/plmoland/141319
[펀잇템] 빈센조 거절할 수 없는 송중기의 매력! 빈센조 속 숨은 잇템은?,https://m.post.naver.com/viewer/postView.nhn?volumeNo=30963959&memberNo=42690419&vType=VERTICAL
드라마 '빈센조' 전여빈 송중기 실제 나이 차이 (+등장인물관계도),https://m.post.naver.com/viewer/postView.nhn?volumeNo=30769305&memberNo=45151676&vType=VERTICAL
빈센조 ~ 송중기의 얼굴 밖에 보이지 않는 이유는 뭐죠...ㅋㅋ,https://m.cafe.naver.com/malltail/5987239
빈센조 변호사의 차분하지만 거침없는 반격 (홍유찬 변호사를 위한!),https://m.blog.naver.com/khee0620/222260554281
빈센조 드라마 14회 줄거리 조사장 정체 관장 재방송 15회 예고,https://m.blog.naver.com/werjazz/222299266076
"드라마 빈센조, 기요틴 파일과 금괴를 찾아서(조사장 정체) -13회",https://m.blog.naver.com/treewg/222291435113
빈센조 촬영지 금가프라자 세운청계상가,https://m.blog.naver.com/amlee74/222289178468
[토일드라마] tvN 빈센조 6회 줄거리 및 리뷰 : 재정증인 빈센조 까사노씨 입니다.,https://m.blog.naver.com/alsk1130/222268680538
"'빈센조' 송중기, 초절정 위기! 14회 전 채널 동시간대 1위, tvN 토일드라마",https://m.blog.naver.com/mamy0227/222298953944
⭐️ 빈센조 송중기 “조사장 최영준 정체 알았다 밀실 이제 못 열어” 국정원 직원 정체 발각에 망연자실...,https://m.blog.naver.com/bhinvest/222298004362
"빈센조 15회 예고 - 위기 탈출 송중기, 이번엔 어머니가 위험?",https://m.blog.naver.com/hanukiz/222299261578
"[빈센조 14회] 파올로 재등장, 서미리 진짜 정체, 조사장 정검사 ?!",https://m.blog.naver.com/shj0504/222298641967
드라마 빈센조 등장인물관계도 몇부작 뜻은 !?,https://m.blog.naver.com/kje881129/222250511272
드라마 빈센조 9~10회 : 장준우 넌 잠자는 콘실리에리의 콧털(자존심)을 건드렸어~ 기대해!!,https://m.blog.naver.com/imaplus/222293121216
"드라마 빈센조 14회, 송중기X전여빈 키스신이 다했다",https://m.blog.naver.com/dream44/222299303795
빈센조 꿀잼이네요ㅎㅎ,https://m.cafe.naver.com/tlswkd/221928
빈센조 까사노에 빠졌어요,https://m.cafe.naver.com/wooseongapt/384504
드라마:)빈센조 13화- 인물 한명한명이 다 반전,https://m.blog.naver.com/dudfks0309/222297642323
빈센조 14화 시청률 + 어제 지상파. 종편. 케이블 시청률 리뷰!!,https://m.blog.naver.com/linaluna/222299167330
빈센조 까사노,https://m.cafe.naver.com/move79/3533928
