제주빈티지샵 턴업 TURN UP 이쁜옷 많네~,https://m.blog.naver.com/sk57533/222228218966
"201111 빨간 이쁜 옷, 내 자신 대견해, 걸어서 우이천까지",https://m.blog.naver.com/cutehyun1010/222141846431
해둥이 엄니가 보내주신 예쁜 옷,https://m.cafe.naver.com/freedogcat/618779
지난주에 이쁜옷들 입어본것들 VLOG,https://m.blog.naver.com/yefly/222229006043
"예쁜 옷이 뭔가요, 먹는 건가요.. .",https://m.cafe.naver.com/simpleliving/259123
[ 긍정 일기]-집에서 이쁜 옷 입기,https://m.blog.naver.com/booby7788/222023515197
패피들을 위한 2020 SS시즌컬렉션 공개! 이쁜옷 옆에 이쁜옷★,https://m.post.naver.com/viewer/postView.nhn?volumeNo=27591441&memberNo=45343980&vType=VERTICAL
예쁜 옷 눈팅하는거 먹방보는 심리랑 비슷할까요,https://m.cafe.naver.com/mjann/2905194
또 찾아온 Consignors event 올핸 이쁜 옷들 위주로 고름♡,https://m.blog.naver.com/dlwlgml622/222273595118
쇼핑몰땡처리 이쁜옷 많네요,https://m.cafe.naver.com/babylovecafe/726023
이렇게 이쁜 옷 처음 봄~ 한복드레스 영원하라~,https://m.blog.naver.com/lsj740328/222162772824
회기옷집 이쁜옷가득한 경희대옷가게 릴리,https://m.blog.naver.com/sonsoore2/221718954144
살은 안빼면서 이쁜옷이 맞길 바라는 모순적인 삶,https://m.cafe.naver.com/bluegray28rsc/388465
연말파티룩 쇼핑몰 이쁜옷 가득한 간지나,https://m.blog.naver.com/tw01554/222159527723
7살 여자아이 예쁜 옷 파는 쇼핑몰 있을까요~?,https://m.cafe.naver.com/mapomommy/954014
여자아이옷 베이비블리 이쁜 옷 다 모였네,https://m.blog.naver.com/cute_rani/222024650544
슈퍼워킹맘닝의 너무 이쁜옷이 왔어요♡,https://m.blog.naver.com/mgel77/221659224103
신암동운동 -15kg감량 하고 이쁜옷입기 성공,https://m.blog.naver.com/6395585/222251795152
예쁜 옷 진짜 많이 샀어요!,https://m.cafe.naver.com/pianisthb/1232774
"예쁜옷 많은 도담 친업 ""미쓰김옷장""",https://m.cafe.naver.com/dodamdadam1004/2150493
오리훈제& 부추무침예쁜옷~♡,https://m.cafe.naver.com/wejk/88129
키작은남자쇼핑몰 찾으셨나요? 키작은남자도 스몰옷팜이용하면 이쁜옷 살수있어요!,https://m.blog.naver.com/dla940811/222056131559
고양 스타필드에서 하루 야무지게 보내기:) 쇼핑몰 이쁜 옷 브랜드 입어보고 갓덴스시 회전초밥에...,https://m.blog.naver.com/66happy21/221994342913
여성체크가디건 이쁜 옷 있는 30대여자옷쇼핑몰 뚱스,https://m.blog.naver.com/yunjuhap/222221140972
봄이 이쁜옷 입기 좋은 날씨긴 하네요~~,https://m.cafe.naver.com/coredenim/463918
홍대 옷가게 엠플레이그라운드 홍대2호점 이쁜옷 넘많아요,https://m.blog.naver.com/omyota/221736908189
깨비 예쁜옷들 선물받았어요 :),https://m.cafe.naver.com/babyuyam/253231
[경남양산남자옷가게][경남양산여자옷가게][쇼핑몰추천][신상업뎃][이쁜옷많아요],https://m.blog.naver.com/xq4455/222272842991
3/28 산드로 미국) 이쁜옷들 최대 60% + 추가 20% 더 핫딜중입니다!!,https://m.blog.naver.com/runite/221499399432
광명 세이브존 빈티지패션팩토리 경기광명점 싸고 이쁜옷 많아요,https://m.blog.naver.com/norepare/222160439571
